x,y,yaw,v
89630.0,43131.0,2.1985291773479267,4,4.166666666666667
