{"Q": [8.05053100350234, 93.5172018451344, 3.1099129891269817], "R": [0.6126408021985461], "N": 26}